State,length,weight,lake
GA,248,146,2
GA,255,149,2
GA,255,155,2
GA,280,200,2
GA,293,231,2
GA,310,276,2
GA,345,367,2
GA,347,348,2
GA,357,409,2
GA,365,424,2
GA,374,487,2
GA,376,470,2
GA,390,592,2
GA,392,784,2
GA,394,480,2
GA,395,581,2
GA,399,500,2
GA,400,624,2
GA,402,668,2
GA,407,573,2
GA,407,574,2
GA,410,598,2
GA,410,680,2
GA,411,633,2
GA,413,665,2
GA,414,661,2
GA,415,650,2
GA,415,664,2
GA,415,668,2
GA,418,582,2
GA,420,625,2
GA,425,720,2
GA,428,620,2
GA,430,788,2
GA,431,742,2
GA,431,763,2
GA,432,861,2
GA,433,705,2
GA,433,832,2
GA,434,780,2
GA,434,796,2
GA,435,812,2
GA,435,827,2
GA,435,835,2
GA,435,900,2
GA,437,764,2
GA,437,822,2
GA,444,625,2
GA,444,756,2
GA,444,840,2
GA,445,904,2
GA,445,966,2
GA,446,878,2
GA,446,954,2
GA,447,903,2
GA,448,913,2
GA,449,956,2
GA,450,793,2
GA,450,793,2
GA,450,840,2
GA,450,859,2
GA,452,846,2
GA,453,867,2
GA,453,928,2
GA,454,763,2
GA,454,927,2
GA,455,1061,2
GA,456,928,2
GA,457,979,2
GA,460,1064,2
GA,465,942,2
GA,465,959,2
GA,465,970,2
GA,467,1034,2
GA,470,810,2
GA,470,1007,2
GA,470,1013,2
GA,470,1041,2
GA,470,1300,2
GA,472,1107,2
GA,472,1121,2
GA,474,1067,2
GA,475,935,2
GA,475,948,2
GA,475,1000,2
GA,475,1025,2
GA,475,1049,2
GA,475,1117,2
GA,476,962,2
GA,476,979,2
GA,476,1020,2
GA,477,985,2
GA,479,1050,2
GA,480,928,2
GA,480,928,2
GA,480,1007,2
GA,480,1007,2
GA,480,1028,2
GA,480,1106,2
GA,480,1127,2
GA,481,1100,2
GA,482,766,2
GA,483,900,2
GA,484,1050,2
GA,485,1185,2
GA,485,1237,2
GA,486,1289,2
GA,487,1092,2
GA,487,1253,2
GA,488,1064,2
GA,489,1100,2
GA,490,1088,2
GA,490,1154,2
GA,490,1154,2
GA,491,1152,2
GA,491,1200,2
GA,491,1200,2
GA,491,1255,2
GA,492,1300,2
GA,492,1461,2
GA,495,1198,2
GA,495,1201,2
GA,495,1215,2
GA,495,1269,2
GA,496,1067,2
GA,498,964,2
GA,498,1138,2
GA,500,1315,2
GA,500,1412,2
GA,502,1363,2
GA,502,1441,2
GA,504,1239,2
GA,504,1277,2
GA,505,1177,2
GA,505,1386,2
GA,505,1495,2
GA,507,1301,2
GA,507,1352,2
GA,507,1581,2
GA,508,1273,2
GA,508,1273,2
GA,508,1313,2
GA,508,1348,2
GA,510,1142,2
GA,510,1145,2
GA,510,1265,2
GA,510,1297,2
GA,510,1363,2
GA,510,1380,2
GA,510,1442,2
GA,510,1493,2
GA,510,1522,2
GA,510,1536,2
GA,512,1177,2
GA,512,1444,2
GA,512,1446,2
GA,513,1297,2
GA,513,1297,2
GA,514,1304,2
GA,514,1414,2
GA,514,1489,2
GA,515,1290,2
GA,515,1455,2
GA,515,1565,2
GA,517,1312,2
GA,517,1350,2
GA,517,1481,2
GA,518,1370,2
GA,518,1411,2
GA,520,1180,2
GA,520,1647,2
GA,521,1452,2
GA,521,1575,2
GA,521,1765,2
GA,522,1212,2
GA,522,1433,2
GA,522,1433,2
GA,522,1492,2
GA,523,1392,2
GA,523,1412,2
GA,523,1827,2
GA,524,1310,2
GA,524,1310,2
GA,524,1390,2
GA,525,1444,2
GA,527,1359,2
GA,527,1359,2
GA,527,1727,2
GA,528,1529,2
GA,528,1529,2
GA,528,1823,2
GA,529,1721,2
GA,530,1635,2
GA,530,1640,2
GA,530,1904,2
GA,530,1950,2
GA,532,1300,2
GA,532,1688,2
GA,534,1961,2
GA,535,1550,2
GA,535,1750,2
GA,536,1630,2
GA,536,1820,2
GA,537,1459,2
GA,537,1538,2
GA,537,1538,2
GA,537,1647,2
GA,537,1703,2
GA,540,1350,2
GA,540,1550,2
GA,540,1675,2
GA,541,1777,2
GA,544,1600,2
GA,545,1630,2
GA,545,1657,2
GA,545,1722,2
GA,545,1771,2
GA,546,1970,2
GA,547,1818,2
GA,547,1818,2
GA,548,1715,2
GA,550,1593,2
GA,553,1888,2
GA,553,1888,2
GA,554,1630,2
GA,554,1700,2
GA,555,1594,2
GA,555,1789,2
GA,555,1789,2
GA,555,1805,2
GA,555,1824,2
GA,555,1824,2
GA,557,1928,2
GA,558,2052,2
GA,560,1854,2
GA,560,2038,2
GA,561,1733,2
GA,563,1698,2
GA,563,1698,2
GA,563,2139,2
GA,564,1925,2
GA,564,2008,2
GA,565,1922,2
GA,569,1820,2
GA,569,1900,2
GA,570,1857,2
GA,570,1925,2
GA,575,1815,2
GA,575,2250,2
GA,576,2065,2
GA,576,2065,2
GA,580,1946,2
GA,580,2177,2
GA,580,2335,2
GA,582,2055,2
GA,585,1870,2
GA,585,1915,2
GA,585,2136,2
GA,585,2136,2
GA,585,2333,2
GA,585,2364,2
GA,586,2239,2
GA,588,2285,2
GA,589,1930,2
GA,590,2232,2
GA,592,2034,2
GA,594,2077,2
GA,595,2100,2
GA,595,2367,2
GA,596,2186,2
GA,596,2452,2
GA,598,2374,2
GA,598,2414,2
GA,598,2414,2
GA,600,2100,2
GA,602,2450,2
GA,610,2300,2
GA,612,2541,2
GA,613,2490,2
GA,613,2490,2
GA,614,2092,2
GA,615,2330,2
GA,615,2420,2
GA,618,2490,2
GA,620,2250,2
GA,620,2362,2
GA,620,2470,2
GA,620,2500,2
GA,620,2780,2
GA,622,2445,2
GA,622,2448,2
GA,622,2836,2
GA,624,2933,2
GA,625,2690,2
GA,625,2690,2
GA,627,2425,2
GA,630,2795,2
GA,630,2795,2
GA,636,2774,2
GA,638,2780,2
GA,645,2800,2
GA,649,2560,2
GA,654,3780,2
GA,655,3163,2
GA,663,3042,2
GA,665,3165,2
GA,670,2890,2
GA,674,3231,2
GA,675,3366,2
GA,685,3383,2
GA,733,5055,2
GA,740,3987,2
GA,740,3987,2
GA,192,57,3
GA,200,61,3
GA,200,64,3
GA,200,68,3
GA,205,60,3
GA,210,67,3
GA,215,75,3
GA,215,83,3
GA,220,67,3
GA,220,72,3
GA,220,79,3
GA,220,82,3
GA,222,81,3
GA,225,78,3
GA,225,80,3
GA,225,90,3
GA,225,91,3
GA,225,95,3
GA,227,106,3
GA,230,89,3
GA,230,94,3
GA,230,96,3
GA,230,110,3
GA,235,74,3
GA,235,101,3
GA,236,109,3
GA,238,90,3
GA,240,100,3
GA,240,114,3
GA,240,118,3
GA,242,100,3
GA,242,109,3
GA,247,134,3
GA,248,121,3
GA,250,119,3
GA,250,121,3
GA,250,139,3
GA,252,167,3
GA,252,174,3
GA,253,145,3
GA,255,151,3
GA,255,157,3
GA,256,129,3
GA,256,143,3
GA,256,145,3
GA,256,149,3
GA,256,153,3
GA,259,134,3
GA,260,139,3
GA,260,155,3
GA,260,184,3
GA,263,155,3
GA,263,155,3
GA,264,160,3
GA,264,176,3
GA,265,150,3
GA,265,165,3
GA,265,190,3
GA,266,168,3
GA,268,156,3
GA,268,161,3
GA,268,165,3
GA,268,202,3
GA,270,161,3
GA,270,198,3
GA,271,173,3
GA,272,171,3
GA,274,186,3
GA,275,170,3
GA,275,183,3
GA,275,199,3
GA,275,289,3
GA,276,190,3
GA,276,193,3
GA,276,200,3
GA,276,202,3
GA,278,179,3
GA,278,188,3
GA,278,200,3
GA,279,187,3
GA,279,190,3
GA,279,190,3
GA,279,195,3
GA,279,205,3
GA,280,176,3
GA,280,177,3
GA,280,196,3
GA,280,200,3
GA,280,204,3
GA,281,195,3
GA,281,206,3
GA,282,190,3
GA,282,193,3
GA,282,208,3
GA,282,212,3
GA,283,220,3
GA,284,212,3
GA,285,147,3
GA,285,218,3
GA,285,265,3
GA,286,214,3
GA,287,212,3
GA,288,205,3
GA,288,211,3
GA,289,225,3
GA,290,206,3
GA,290,218,3
GA,290,221,3
GA,290,233,3
GA,290,234,3
GA,291,210,3
GA,292,243,3
GA,293,218,3
GA,293,235,3
GA,294,272,3
GA,295,228,3
GA,295,234,3
GA,296,219,3
GA,296,250,3
GA,297,227,3
GA,297,239,3
GA,297,244,3
GA,297,250,3
GA,297,253,3
GA,299,234,3
GA,299,251,3
GA,300,246,3
GA,300,262,3
GA,301,254,3
GA,303,288,3
GA,304,248,3
GA,304,270,3
GA,305,248,3
GA,305,266,3
GA,306,252,3
GA,306,261,3
GA,306,261,3
GA,307,400,3
GA,308,245,3
GA,308,265,3
GA,309,290,3
GA,309,296,3
GA,310,253,3
GA,310,257,3
GA,310,285,3
GA,310,295,3
GA,310,300,3
GA,310,305,3
GA,311,273,3
GA,311,286,3
GA,311,286,3
GA,312,270,3
GA,312,284,3
GA,312,284,3
GA,312,286,3
GA,312,288,3
GA,313,328,3
GA,315,253,3
GA,315,256,3
GA,315,272,3
GA,315,287,3
GA,315,304,3
GA,315,351,3
GA,316,299,3
GA,317,297,3
GA,318,312,3
GA,318,322,3
GA,319,259,3
GA,319,290,3
GA,320,285,3
GA,320,291,3
GA,320,295,3
GA,320,304,3
GA,320,343,3
GA,323,309,3
GA,323,346,3
GA,325,332,3
GA,325,344,3
GA,325,362,3
GA,325,378,3
GA,325,379,3
GA,325,380,3
GA,326,369,3
GA,327,342,3
GA,327,357,3
GA,327,364,3
GA,328,349,3
GA,328,349,3
GA,330,325,3
GA,330,351,3
GA,331,339,3
GA,331,364,3
GA,332,293,3
GA,335,339,3
GA,335,355,3
GA,335,377,3
GA,335,416,3
GA,335,422,3
GA,336,350,3
GA,336,367,3
GA,336,372,3
GA,336,394,3
GA,336,433,3
GA,337,340,3
GA,339,383,3
GA,339,449,3
GA,340,392,3
GA,340,403,3
GA,340,476,3
GA,345,402,3
GA,346,453,3
GA,348,490,3
GA,353,445,3
GA,357,386,3
GA,363,484,3
GA,377,410,3
GA,382,537,3
GA,385,610,3
GA,385,721,3
GA,390,504,3
GA,394,470,3
GA,395,486,3
GA,396,545,3
GA,396,565,3
GA,397,583,3
GA,399,620,3
GA,400,530,3
GA,400,652,3
GA,400,656,3
GA,400,680,3
GA,403,592,3
GA,404,624,3
GA,404,715,3
GA,405,544,3
GA,405,609,3
GA,408,685,3
GA,410,594,3
GA,410,655,3
GA,410,677,3
GA,410,716,3
GA,410,730,3
GA,411,661,3
GA,412,680,3
GA,415,600,3
GA,415,660,3
GA,415,675,3
GA,417,710,3
GA,420,577,3
GA,420,606,3
GA,420,633,3
GA,420,645,3
GA,420,704,3
GA,420,706,3
GA,420,706,3
GA,420,712,3
GA,420,725,3
GA,420,745,3
GA,420,745,3
GA,420,758,3
GA,420,765,3
GA,422,697,3
GA,423,690,3
GA,424,682,3
GA,424,724,3
GA,425,602,3
GA,425,611,3
GA,425,755,3
GA,425,758,3
GA,425,809,3
GA,425,813,3
GA,425,832,3
GA,425,837,3
GA,425,932,3
GA,426,685,3
GA,426,723,3
GA,426,792,3
GA,427,655,3
GA,427,747,3
GA,427,752,3
GA,429,701,3
GA,429,710,3
GA,430,621,3
GA,430,667,3
GA,430,710,3
GA,430,718,3
GA,430,725,3
GA,430,736,3
GA,430,746,3
GA,430,752,3
GA,430,763,3
GA,430,763,3
GA,430,765,3
GA,430,772,3
GA,430,779,3
GA,430,779,3
GA,430,788,3
GA,430,820,3
GA,430,840,3
GA,430,872,3
GA,431,697,3
GA,431,780,3
GA,432,702,3
GA,432,792,3
GA,432,817,3
GA,432,820,3
GA,433,685,3
GA,433,705,3
GA,433,740,3
GA,433,767,3
GA,433,787,3
GA,433,906,3
GA,435,676,3
GA,435,732,3
GA,435,735,3
GA,435,753,3
GA,435,762,3
GA,435,781,3
GA,435,783,3
GA,435,790,3
GA,435,807,3
GA,435,822,3
GA,435,822,3
GA,435,840,3
GA,435,841,3
GA,435,853,3
GA,435,881,3
GA,435,890,3
GA,435,925,3
GA,436,753,3
GA,436,770,3
GA,436,781,3
GA,436,890,3
GA,437,690,3
GA,437,697,3
GA,437,712,3
GA,437,786,3
GA,437,810,3
GA,438,711,3
GA,438,771,3
GA,439,755,3
GA,439,815,3
GA,440,670,3
GA,440,720,3
GA,440,737,3
GA,440,741,3
GA,440,760,3
GA,440,761,3
GA,440,771,3
GA,440,777,3
GA,440,784,3
GA,440,816,3
GA,440,825,3
GA,440,832,3
GA,440,833,3
GA,440,867,3
GA,440,1096,3
GA,441,710,3
GA,442,747,3
GA,442,755,3
GA,442,805,3
GA,442,820,3
GA,442,828,3
GA,442,925,3
GA,443,733,3
GA,443,742,3
GA,443,782,3
GA,443,852,3
GA,443,861,3
GA,444,750,3
GA,444,831,3
GA,444,832,3
GA,444,852,3
GA,444,893,3
GA,444,898,3
GA,445,789,3
GA,445,813,3
GA,445,819,3
GA,445,820,3
GA,445,820,3
GA,445,824,3
GA,445,832,3
GA,445,833,3
GA,445,835,3
GA,445,837,3
GA,445,855,3
GA,445,860,3
GA,445,860,3
GA,445,862,3
GA,445,869,3
GA,445,877,3
GA,445,884,3
GA,445,888,3
GA,445,897,3
GA,445,905,3
GA,445,915,3
GA,445,918,3
GA,445,919,3
GA,445,934,3
GA,445,963,3
GA,445,980,3
GA,446,803,3
GA,446,815,3
GA,446,980,3
GA,447,802,3
GA,447,838,3
GA,447,845,3
GA,447,857,3
GA,447,857,3
GA,447,911,3
GA,448,688,3
GA,448,749,3
GA,448,778,3
GA,448,791,3
GA,448,846,3
GA,448,862,3
GA,448,886,3
GA,448,888,3
GA,448,910,3
GA,448,950,3
GA,450,724,3
GA,450,761,3
GA,450,778,3
GA,450,780,3
GA,450,784,3
GA,450,785,3
GA,450,807,3
GA,450,810,3
GA,450,811,3
GA,450,817,3
GA,450,820,3
GA,450,830,3
GA,450,837,3
GA,450,846,3
GA,450,864,3
GA,450,866,3
GA,450,876,3
GA,450,900,3
GA,450,903,3
GA,450,930,3
GA,450,937,3
GA,450,958,3
GA,450,1048,3
GA,451,814,3
GA,451,818,3
GA,451,827,3
GA,451,916,3
GA,451,921,3
GA,451,983,3
GA,452,842,3
GA,452,873,3
GA,452,987,3
GA,453,826,3
GA,453,898,3
GA,453,935,3
GA,453,946,3
GA,453,986,3
GA,454,932,3
GA,454,958,3
GA,454,959,3
GA,455,786,3
GA,455,787,3
GA,455,831,3
GA,455,847,3
GA,455,852,3
GA,455,872,3
GA,455,886,3
GA,455,892,3
GA,455,905,3
GA,455,908,3
GA,455,910,3
GA,455,927,3
GA,455,932,3
GA,455,933,3
GA,455,949,3
GA,455,950,3
GA,455,998,3
GA,455,1010,3
GA,455,1075,3
GA,456,934,3
GA,456,948,3
GA,456,981,3
GA,457,910,3
GA,457,978,3
GA,458,842,3
GA,458,870,3
GA,459,837,3
GA,459,866,3
GA,460,767,3
GA,460,839,3
GA,460,839,3
GA,460,850,3
GA,460,856,3
GA,460,875,3
GA,460,881,3
GA,460,892,3
GA,460,892,3
GA,460,905,3
GA,460,907,3
GA,460,910,3
GA,460,919,3
GA,460,920,3
GA,460,920,3
GA,460,925,3
GA,460,940,3
GA,460,950,3
GA,460,971,3
GA,460,1000,3
GA,460,1048,3
GA,461,902,3
GA,461,910,3
GA,461,1007,3
GA,461,1039,3
GA,462,909,3
GA,462,938,3
GA,462,943,3
GA,462,968,3
GA,462,1062,3
GA,463,788,3
GA,463,820,3
GA,463,904,3
GA,463,930,3
GA,464,866,3
GA,464,914,3
GA,464,920,3
GA,464,925,3
GA,464,1114,3
GA,465,815,3
GA,465,822,3
GA,465,865,3
GA,465,870,3
GA,465,882,3
GA,465,924,3
GA,465,936,3
GA,465,940,3
GA,465,955,3
GA,465,975,3
GA,465,980,3
GA,465,993,3
GA,465,1000,3
GA,465,1002,3
GA,465,1034,3
GA,465,1034,3
GA,465,1078,3
GA,466,950,3
GA,466,1108,3
GA,467,891,3
GA,467,990,3
GA,468,987,3
GA,468,1122,3
GA,470,840,3
GA,470,868,3
GA,470,890,3
GA,470,930,3
GA,470,934,3
GA,470,964,3
GA,470,1034,3
GA,470,1060,3
GA,471,884,3
GA,471,924,3
GA,471,943,3
GA,471,996,3
GA,471,997,3
GA,471,1016,3
GA,472,958,3
GA,472,980,3
GA,472,1059,3
GA,473,970,3
GA,473,1205,3
GA,474,880,3
GA,474,1038,3
GA,474,1240,3
GA,475,805,3
GA,475,907,3
GA,475,918,3
GA,475,935,3
GA,475,944,3
GA,475,965,3
GA,475,991,3
GA,475,1035,3
GA,475,1050,3
GA,475,1053,3
GA,475,1067,3
GA,475,1073,3
GA,475,1083,3
GA,476,968,3
GA,476,1042,3
GA,476,1063,3
GA,476,1083,3
GA,476,1091,3
GA,476,1100,3
GA,477,1002,3
GA,477,1225,3
GA,479,904,3
GA,480,1000,3
GA,480,1015,3
GA,480,1026,3
GA,480,1045,3
GA,480,1064,3
GA,480,1093,3
GA,480,1097,3
GA,480,1108,3
GA,480,1200,3
GA,480,1200,3
GA,480,1277,3
GA,480,1280,3
GA,482,950,3
GA,482,1150,3
GA,483,1164,3
GA,485,915,3
GA,485,940,3
GA,485,952,3
GA,485,1135,3
GA,485,1151,3
GA,485,1166,3
GA,485,1251,3
GA,485,1280,3
GA,486,1016,3
GA,486,1109,3
GA,487,998,3
GA,487,1340,3
GA,487,1390,3
GA,488,945,3
GA,488,980,3
GA,488,1072,3
GA,488,1198,3
GA,489,1004,3
GA,490,1000,3
GA,490,1024,3
GA,490,1050,3
GA,490,1076,3
GA,490,1082,3
GA,490,1150,3
GA,490,1157,3
GA,490,1300,3
GA,492,948,3
GA,492,973,3
GA,492,1035,3
GA,493,1292,3
GA,494,990,3
GA,494,1014,3
GA,494,1067,3
GA,495,1039,3
GA,495,1092,3
GA,495,1111,3
GA,495,1120,3
GA,495,1180,3
GA,495,1314,3
GA,495,1400,3
GA,496,1263,3
GA,496,1410,3
GA,497,1073,3
GA,497,1180,3
GA,497,1290,3
GA,498,1255,3
GA,498,1359,3
GA,500,1027,3
GA,500,1160,3
GA,500,1245,3
GA,500,1278,3
GA,501,1032,3
GA,501,1300,3
GA,502,1380,3
GA,503,950,3
GA,503,1180,3
GA,503,1400,3
GA,504,1284,3
GA,505,1047,3
GA,505,1170,3
GA,505,1196,3
GA,506,1180,3
GA,507,1147,3
GA,507,1214,3
GA,507,1235,3
GA,507,1520,3
GA,508,1133,3
GA,508,1204,3
GA,508,1212,3
GA,509,1000,3
GA,509,1171,3
GA,510,1088,3
GA,510,1187,3
GA,510,1200,3
GA,510,1272,3
GA,510,1300,3
GA,510,1360,3
GA,511,1214,3
GA,512,1360,3
GA,515,1220,3
GA,515,1241,3
GA,515,1307,3
GA,515,1329,3
GA,516,1320,3
GA,517,1380,3
GA,518,1560,3
GA,520,1480,3
GA,520,2000,3
GA,522,1075,3
GA,522,1173,3
GA,524,1214,3
GA,525,1328,3
GA,525,1340,3
GA,525,1460,3
GA,526,1150,3
GA,526,1540,3
GA,528,1470,3
GA,530,1542,3
GA,530,1550,3
GA,532,1200,3
GA,532,1612,3
GA,533,1189,3
GA,533,1700,3
GA,535,1700,3
GA,537,1560,3
GA,538,1341,3
GA,538,1700,3
GA,539,1391,3
GA,540,1372,3
GA,541,1441,3
GA,541,1550,3
GA,542,1426,3
GA,544,1493,3
GA,545,1419,3
GA,545,1467,3
GA,546,1712,3
GA,547,2000,3
GA,548,1440,3
GA,548,1880,3
GA,550,1476,3
GA,551,1810,3
GA,552,1668,3
GA,552,2100,3
GA,553,1720,3
GA,553,1880,3
GA,555,1760,3
GA,555,1820,3
GA,555,1900,3
GA,556,1450,3
GA,556,1604,3
GA,557,1990,3
GA,559,1840,3
GA,560,1585,3
GA,560,1700,3
GA,560,1800,3
GA,560,1900,3
GA,562,1880,3
GA,564,1720,3
GA,566,2600,3
GA,567,2070,3
GA,568,1700,3
GA,570,1780,3
GA,570,1880,3
GA,570,2200,3
GA,570,2400,3
GA,572,1880,3
GA,575,1750,3
GA,580,1740,3
GA,580,2030,3
GA,582,1922,3
GA,583,2120,3
GA,585,1482,3
GA,585,1850,3
GA,585,2000,3
GA,585,2005,3
GA,585,2080,3
GA,586,2100,3
GA,587,1703,3
GA,590,2090,3
GA,593,1890,3
GA,595,1940,3
GA,596,2270,3
GA,598,2220,3
GA,603,2200,3
GA,605,2200,3
GA,606,2120,3
GA,607,3620,3
GA,610,1890,3
GA,613,2520,3
GA,616,2550,3
GA,616,2720,3
GA,623,2280,3
GA,626,2350,3
GA,627,2680,3
GA,632,2820,3
GA,642,3100,3
GA,650,2580,3
GA,651,2380,3
GA,656,2860,3
GA,656,3920,3
GA,663,3300,3
GA,672,3600,3
GA,679,3600,3
GA,690,3620,3
GA,690,4050,3
GA,724,4760,3
GA,733,4320,3
GA,243,110,4
GA,252,139,4
GA,256,127,4
GA,260,154,4
GA,260,169,4
GA,266,168,4
GA,266,178,4
GA,268,170,4
GA,270,171,4
GA,270,181,4
GA,273,174,4
GA,273,196,4
GA,274,202,4
GA,275,183,4
GA,275,188,4
GA,276,197,4
GA,280,206,4
GA,285,225,4
GA,285,227,4
GA,285,228,4
GA,285,230,4
GA,287,204,4
GA,288,227,4
GA,288,260,4
GA,289,229,4
GA,290,195,4
GA,290,218,4
GA,290,226,4
GA,294,223,4
GA,294,248,4
GA,294,255,4
GA,295,229,4
GA,297,241,4
GA,300,256,4
GA,302,264,4
GA,304,275,4
GA,305,245,4
GA,305,254,4
GA,307,267,4
GA,310,262,4
GA,315,300,4
GA,334,260,4
GA,374,480,4
GA,390,547,4
GA,395,671,4
GA,397,674,4
GA,400,600,4
GA,400,637,4
GA,404,608,4
GA,405,691,4
GA,409,763,4
GA,410,645,4
GA,412,696,4
GA,415,640,4
GA,415,709,4
GA,420,693,4
GA,422,721,4
GA,422,763,4
GA,425,778,4
GA,427,785,4
GA,428,778,4
GA,430,704,4
GA,430,762,4
GA,430,787,4
GA,432,731,4
GA,432,736,4
GA,433,766,4
GA,435,888,4
GA,438,772,4
GA,438,923,4
GA,440,760,4
GA,440,800,4
GA,440,934,4
GA,440,935,4
GA,442,792,4
GA,443,966,4
GA,445,726,4
GA,445,734,4
GA,445,1076,4
GA,446,856,4
GA,446,904,4
GA,447,970,4
GA,450,820,4
GA,451,932,4
GA,452,824,4
GA,452,889,4
GA,453,1020,4
GA,455,850,4
GA,455,899,4
GA,455,952,4
GA,455,952,4
GA,455,992,4
GA,456,913,4
GA,460,862,4
GA,460,957,4
GA,462,758,4
GA,463,796,4
GA,463,1002,4
GA,464,965,4
GA,464,1041,4
GA,465,964,4
GA,465,1034,4
GA,465,1036,4
GA,465,1055,4
GA,465,1079,4
GA,467,1050,4
GA,468,1022,4
GA,470,994,4
GA,470,1127,4
GA,470,1190,4
GA,470,1198,4
GA,472,1025,4
GA,472,1079,4
GA,475,1091,4
GA,475,1115,4
GA,475,1137,4
GA,478,1400,4
GA,480,1072,4
GA,480,1130,4
GA,480,1140,4
GA,481,1118,4
GA,482,1320,4
GA,482,1328,4
GA,483,1235,4
GA,485,1131,4
GA,485,1180,4
GA,485,1289,4
GA,487,1190,4
GA,490,1162,4
GA,490,1312,4
GA,491,1234,4
GA,492,1216,4
GA,492,1306,4
GA,495,1148,4
GA,496,850,4
GA,496,1174,4
GA,498,1283,4
GA,500,1167,4
GA,500,1391,4
GA,500,1396,4
GA,500,1409,4
GA,502,1145,4
GA,502,1211,4
GA,503,1237,4
GA,504,1032,4
GA,504,1293,4
GA,507,1533,4
GA,508,1153,4
GA,508,1263,4
GA,510,1234,4
GA,510,1316,4
GA,510,1340,4
GA,510,1350,4
GA,510,1364,4
GA,510,1412,4
GA,510,1415,4
GA,510,1499,4
GA,515,1450,4
GA,516,1342,4
GA,518,1343,4
GA,522,1547,4
GA,522,1707,4
GA,525,1414,4
GA,525,1618,4
GA,528,1517,4
GA,530,1425,4
GA,530,1570,4
GA,530,1586,4
GA,532,1661,4
GA,535,1834,4
GA,540,2024,4
GA,543,1600,4
GA,545,1645,4
GA,546,1947,4
GA,550,1609,4
GA,551,1730,4
GA,552,1342,4
GA,552,1856,4
GA,555,1360,4
GA,555,1765,4
GA,565,1752,4
GA,566,1951,4
GA,568,2058,4
GA,570,2032,4
GA,570,2308,4
GA,570,2349,4
GA,570,2440,4
GA,575,1699,4
GA,576,1980,4
GA,584,2155,4
GA,585,2109,4
GA,587,2439,4
GA,590,1923,4
GA,602,2230,4
GA,610,2450,4
GA,615,2300,4
GA,618,2182,4
GA,625,2240,4
GA,635,2500,4
SD,121,19,4
SD,122,15,4
SD,122,16,4
SD,124,14,4
SD,124,16,4
SD,124,18,4
SD,125,12,4
SD,125,14,4
SD,125,14,4
SD,125,15,4
SD,125,17,4
SD,126,17,4
SD,127,16,4
SD,128,16,4
SD,128,16,4
SD,128,21,4
SD,129,20,4
SD,129,20,4
SD,130,15,4
SD,130,16,4
SD,130,18,4
SD,130,21,4
SD,131,16,4
SD,131,18,4
SD,131,21,4
SD,132,17,4
SD,132,20,4
SD,132,21,4
SD,132,21,4
SD,133,19,4
SD,133,20,4
SD,133,20,4
SD,133,22,4
SD,134,18,4
SD,134,19,4
SD,134,20,4
SD,134,21,4
SD,134,22,4
SD,134,23,4
SD,135,17,4
SD,135,17,4
SD,135,18,4
SD,135,21,4
SD,135,22,4
SD,136,19,4
SD,136,19,4
SD,136,21,4
SD,136,22,4
SD,137,20,4
SD,137,22,4
SD,137,23,4
SD,137,24,4
SD,138,22,4
SD,138,23,4
SD,139,22,4
SD,139,22,4
SD,140,21,4
SD,140,24,4
SD,141,25,4
SD,141,26,4
SD,141,26,4
SD,142,24,4
SD,143,22,4
SD,144,24,4
SD,144,26,4
SD,145,22,4
SD,146,21,4
SD,146,24,4
SD,146,26,4
SD,146,27,4
SD,146,30,4
SD,147,25,4
SD,147,25,4
SD,147,26,4
SD,147,26,4
SD,148,20,4
SD,148,22,4
SD,148,24,4
SD,149,25,4
SD,149,28,4
SD,150,25,4
SD,150,28,4
SD,152,26,4
SD,152,29,4
SD,152,30,4
SD,153,27,4
SD,153,27,4
SD,153,28,4
SD,153,30,4
SD,153,31,4
SD,154,30,4
SD,157,30,4
SD,159,33,4
SD,161,35,4
SD,162,31,4
SD,162,35,4
SD,164,36,4
SD,165,41,4
SD,171,37,4
SD,172,38,4
SD,191,67,4
SD,273,197,4
SD,279,186,4
SD,285,209,4
SD,293,232,4
SD,297,216,4
SD,297,220,4
SD,297,247,4
SD,297,289,4
SD,298,239,4
SD,298,242,4
SD,299,240,4
SD,300,220,4
SD,300,254,4
SD,300,280,4
SD,301,236,4
SD,301,253,4
SD,302,251,4
SD,302,254,4
SD,302,254,4
SD,302,274,4
SD,303,251,4
SD,303,255,4
SD,305,261,4
SD,305,266,4
SD,306,260,4
SD,306,301,4
SD,307,262,4
SD,310,256,4
SD,310,259,4
SD,310,288,4
SD,311,278,4
SD,311,290,4
SD,312,270,4
SD,312,273,4
SD,312,285,4
SD,314,270,4
SD,314,281,4
SD,315,264,4
SD,315,279,4
SD,316,285,4
SD,316,292,4
SD,317,305,4
SD,317,310,4
SD,317,312,4
SD,318,295,4
SD,318,326,4
SD,319,282,4
SD,319,287,4
SD,320,307,4
SD,320,343,4
SD,321,303,4
SD,321,316,4
SD,322,349,4
SD,322,356,4
SD,323,312,4
SD,323,336,4
SD,323,344,4
SD,324,293,4
SD,324,337,4
SD,325,331,4
SD,325,332,4
SD,326,295,4
SD,326,311,4
SD,326,312,4
SD,326,335,4
SD,327,319,4
SD,327,327,4
SD,328,312,4
SD,328,329,4
SD,329,322,4
SD,329,356,4
SD,330,309,4
SD,330,324,4
SD,330,326,4
SD,330,329,4
SD,331,342,4
SD,333,330,4
SD,333,383,4
SD,334,326,4
SD,334,363,4
SD,334,367,4
SD,335,322,4
SD,335,334,4
SD,335,394,4
SD,336,324,4
SD,336,355,4
SD,337,400,4
SD,338,393,4
SD,339,334,4
SD,339,368,4
SD,339,380,4
SD,340,326,4
SD,340,328,4
SD,340,394,4
SD,341,355,4
SD,342,402,4
SD,344,407,4
SD,344,409,4
SD,348,384,4
SD,348,389,4
SD,349,416,4
SD,349,425,4
SD,350,379,4
SD,350,406,4
SD,352,459,4
SD,353,407,4
SD,353,421,4
SD,355,413,4
SD,357,470,4
SD,366,399,4
SD,369,528,4
SD,370,482,4
SD,372,505,4
SD,373,493,4
SD,373,495,4
SD,374,484,4
SD,374,513,4
SD,375,435,4
SD,375,514,4
SD,376,493,4
SD,377,508,4
SD,378,477,4
SD,381,485,4
SD,381,574,4
SD,382,528,4
SD,382,534,4
SD,385,498,4
SD,385,508,4
SD,385,540,4
SD,387,517,4
SD,388,514,4
SD,388,546,4
SD,388,560,4
SD,389,502,4
SD,389,524,4
SD,390,585,4
SD,391,576,4
SD,392,563,4
SD,392,580,4
SD,393,533,4
SD,393,539,4
SD,393,544,4
SD,395,582,4
SD,396,546,4
SD,397,479,4
SD,398,632,4
SD,399,604,4
SD,400,577,4
SD,400,585,4
SD,400,585,4
SD,400,603,4
SD,402,554,4
SD,402,669,4
SD,403,578,4
SD,405,748,4
SD,407,638,4
SD,408,599,4
SD,408,607,4
SD,408,618,4
SD,409,597,4
SD,409,602,4
SD,409,821,4
SD,410,649,4
SD,410,671,4
SD,411,704,4
SD,411,736,4
SD,412,716,4
SD,412,724,4
SD,414,654,4
SD,415,633,4
SD,415,635,4
SD,415,671,4
SD,416,631,4
SD,416,663,4
SD,416,772,4
SD,418,690,4
SD,420,692,4
SD,420,783,4
SD,421,670,4
SD,423,728,4
SD,424,756,4
SD,425,683,4
SD,425,714,4
SD,425,807,4
SD,425,856,4
SD,426,768,4
SD,427,839,4
SD,427,846,4
SD,428,727,4
SD,430,829,4
SD,430,847,4
SD,433,766,4
SD,434,881,4
SD,435,740,4
SD,435,830,4
SD,436,861,4
SD,440,850,4
SD,440,897,4
SD,441,824,4
SD,441,891,4
SD,442,899,4
SD,442,933,4
SD,443,982,4
SD,443,994,4
SD,443,1000,4
SD,444,830,4
SD,444,874,4
SD,444,900,4
SD,445,946,4
SD,445,1087,4
SD,447,853,4
SD,448,860,4
SD,448,947,4
SD,449,937,4
SD,451,1063,4
SD,453,953,4
SD,455,943,4
SD,455,971,4
SD,458,986,4
SD,458,1073,4
SD,460,1259,4
SD,461,1034,4
SD,463,1064,4
SD,464,1133,4
SD,465,953,4
SD,465,1041,4
SD,465,1064,4
SD,466,1048,4
SD,466,1200,4
SD,468,1132,4
SD,469,1206,4
SD,470,1068,4
SD,470,1074,4
SD,471,1117,4
SD,472,1031,4
SD,472,1048,4
SD,472,1050,4
SD,472,1054,4
SD,475,1097,4
SD,477,1027,4
SD,477,1043,4
SD,477,1264,4
SD,478,1053,4
SD,478,1096,4
SD,478,1194,4
SD,478,1222,4
SD,479,1012,4
SD,479,1054,4
SD,479,1214,4
SD,479,1220,4
SD,480,1152,4
SD,481,1039,4
SD,482,1208,4
SD,484,1178,4
SD,485,1534,4
SD,486,1263,4
SD,488,1145,4
SD,489,1240,4
SD,490,1329,4
SD,492,1400,4
SD,496,1274,4
SD,496,1341,4
SD,498,1205,4
SD,501,1485,4
SD,502,1297,4
SD,503,1260,4
SD,504,1190,4
SD,504,1195,4
SD,505,1267,4
SD,506,1434,4
SD,511,1452,4
SD,512,1379,4
SD,512,1416,4
SD,513,1360,4
SD,513,1361,4
SD,520,1492,4
SD,521,1457,4
SD,522,1560,4
SD,523,1342,4
SD,528,1503,4
SD,528,1531,4
SD,530,1608,4
SD,537,1919,4
SD,540,1770,4
SD,542,1835,4
SD,547,1589,4
SD,560,2156,4
SD,570,2116,4
SD,580,1829,4
SD,587,2344,4
SD,660,3207,4
SD,242,122,13
SD,250,129,13
SD,252,146,13
SD,254,139,13
SD,254,153,13
SD,254,166,13
SD,254,167,13
SD,255,161,13
SD,255,167,13
SD,255,183,13
SD,256,151,13
SD,256,159,13
SD,257,150,13
SD,257,158,13
SD,258,171,13
SD,260,156,13
SD,262,165,13
SD,262,185,13
SD,263,169,13
SD,269,165,13
SD,269,194,13
SD,274,177,13
SD,278,189,13
SD,280,216,13
SD,322,366,13
SD,329,334,13
SD,334,352,13
SD,338,362,13
SD,339,331,13
SD,343,397,13
SD,343,407,13
SD,346,377,13
SD,346,382,13
SD,351,427,13
SD,352,432,13
SD,356,451,13
SD,356,455,13
SD,359,432,13
SD,361,465,13
SD,362,428,13
SD,362,461,13
SD,362,475,13
SD,364,465,13
SD,365,462,13
SD,368,525,13
SD,371,463,13
SD,374,512,13
SD,374,516,13
SD,378,539,13
SD,380,549,13
SD,381,603,13
SD,383,485,13
SD,385,564,13
SD,386,507,13
SD,386,544,13
SD,386,573,13
SD,386,595,13
SD,388,603,13
SD,388,605,13
SD,389,544,13
SD,389,555,13
SD,389,620,13
SD,391,558,13
SD,392,567,13
SD,395,602,13
SD,396,603,13
SD,397,600,13
SD,398,625,13
SD,398,647,13
SD,398,670,13
SD,399,620,13
SD,400,656,13
SD,401,591,13
SD,402,591,13
SD,402,635,13
SD,402,639,13
SD,404,648,13
SD,406,712,13
SD,407,691,13
SD,408,684,13
SD,410,638,13
SD,410,671,13
SD,410,722,13
SD,411,662,13
SD,411,674,13
SD,411,696,13
SD,412,623,13
SD,413,695,13
SD,414,693,13
SD,414,708,13
SD,415,791,13
SD,416,738,13
SD,418,675,13
SD,419,739,13
SD,420,653,13
SD,420,689,13
SD,420,808,13
SD,420,813,13
SD,421,667,13
SD,422,727,13
SD,422,832,13
SD,423,701,13
SD,423,727,13
SD,423,890,13
SD,424,794,13
SD,425,712,13
SD,428,730,13
SD,429,772,13
SD,429,805,13
SD,429,806,13
SD,431,807,13
SD,432,777,13
SD,432,786,13
SD,433,766,13
SD,433,772,13
SD,433,827,13
SD,433,839,13
SD,434,799,13
SD,434,825,13
SD,435,817,13
SD,435,829,13
SD,437,833,13
SD,437,834,13
SD,438,774,13
SD,440,853,13
SD,441,758,13
SD,441,820,13
SD,441,822,13
SD,441,835,13
SD,441,913,13
SD,442,828,13
SD,443,923,13
SD,444,854,13
SD,444,873,13
SD,445,821,13
SD,446,855,13
SD,446,856,13
SD,446,872,13
SD,446,913,13
SD,446,930,13
SD,447,909,13
SD,448,874,13
SD,449,868,13
SD,449,897,13
SD,450,817,13
SD,450,889,13
SD,450,1016,13
SD,451,939,13
SD,452,893,13
SD,452,903,13
SD,452,943,13
SD,454,867,13
SD,454,905,13
SD,454,916,13
SD,455,852,13
SD,456,812,13
SD,456,925,13
SD,456,1001,13
SD,458,934,13
SD,459,837,13
SD,459,960,13
SD,459,1030,13
SD,460,949,13
SD,461,919,13
SD,461,972,13
SD,461,976,13
SD,461,1053,13
SD,462,1035,13
SD,463,970,13
SD,463,971,13
SD,463,985,13
SD,463,1038,13
SD,464,946,13
SD,464,1035,13
SD,464,1075,13
SD,465,955,13
SD,465,1008,13
SD,466,1038,13
SD,466,1114,13
SD,467,945,13
SD,468,921,13
SD,470,985,13
SD,471,1163,13
SD,472,997,13
SD,472,1010,13
SD,472,1019,13
SD,472,1090,13
SD,473,1093,13
SD,473,1101,13
SD,474,1016,13
SD,474,1024,13
SD,474,1051,13
SD,475,924,13
SD,475,1067,13
SD,475,1079,13
SD,476,957,13
SD,476,1057,13
SD,476,1124,13
SD,478,1091,13
SD,479,1088,13
SD,479,1102,13
SD,479,1113,13
SD,480,1120,13
SD,480,1139,13
SD,481,1044,13
SD,481,1094,13
SD,481,1170,13
SD,481,1177,13
SD,482,1109,13
SD,482,1223,13
SD,482,1262,13
SD,483,1109,13
SD,483,1124,13
SD,484,1116,13
SD,484,1134,13
SD,486,1158,13
SD,486,1183,13
SD,487,1053,13
SD,487,1061,13
SD,487,1218,13
SD,488,1116,13
SD,489,1058,13
SD,490,1008,13
SD,490,1141,13
SD,492,1179,13
SD,492,1204,13
SD,492,1290,13
SD,496,1219,13
SD,499,1189,13
SD,503,1286,13
SD,504,1454,13
SD,505,1192,13
SD,506,1290,13
SD,506,1775,13
SD,507,1479,13
SD,509,1402,13
SD,510,1177,13
SD,511,1309,13
SD,518,1330,13
SD,519,1212,13
SD,520,1359,13
SD,520,1511,13
SD,521,1434,13
SD,522,1476,13
SD,522,1516,13
SD,523,1325,13
SD,523,1359,13
SD,524,1522,13
SD,525,1591,13
SD,529,1357,13
SD,530,1442,13
SD,532,1335,13
SD,532,1443,13
SD,534,1496,13
SD,536,1539,13
SD,537,1605,13
SD,539,1386,13
SD,539,1480,13
SD,539,1590,13
SD,539,1717,13
SD,540,1434,13
SD,543,1467,13
SD,545,1454,13
SD,548,1753,13
SD,554,1581,13
SD,554,1594,13
SD,554,1641,13
SD,556,1610,13
SD,560,1593,13
SD,560,1609,13
SD,560,2004,13
SD,562,1614,13
SD,562,1954,13
SD,565,1774,13
SD,575,2031,13
SD,576,1864,13
SD,578,1982,13
SD,600,2070,13
SD,604,2065,13
SD,654,3012,13
SD,118,11,25
SD,122,12,25
SD,124,13,25
SD,125,13,25
SD,125,13,25
SD,132,19,25
SD,133,18,25
SD,133,20,25
SD,134,18,25
SD,135,16,25
SD,135,18,25
SD,135,18,25
SD,135,19,25
SD,136,14,25
SD,136,19,25
SD,137,21,25
SD,138,15,25
SD,138,15,25
SD,138,16,25
SD,138,17,25
SD,138,17,25
SD,138,18,25
SD,138,18,25
SD,138,18,25
SD,138,19,25
SD,138,22,25
SD,139,17,25
SD,139,19,25
SD,140,17,25
SD,140,18,25
SD,140,20,25
SD,140,20,25
SD,141,19,25
SD,141,20,25
SD,141,24,25
SD,143,20,25
SD,143,21,25
SD,143,21,25
SD,143,22,25
SD,143,23,25
SD,145,21,25
SD,145,22,25
SD,145,23,25
SD,145,23,25
SD,147,25,25
SD,148,19,25
SD,148,21,25
SD,148,26,25
SD,149,27,25
SD,150,23,25
SD,150,23,25
SD,150,24,25
SD,150,25,25
SD,150,25,25
SD,150,27,25
SD,150,33,25
SD,152,26,25
SD,152,29,25
SD,153,19,25
SD,153,24,25
SD,153,24,25
SD,154,24,25
SD,154,34,25
SD,155,22,25
SD,156,28,25
SD,157,23,25
SD,157,25,25
SD,157,30,25
SD,158,21,25
SD,160,29,25
SD,160,30,25
SD,162,32,25
SD,162,36,25
SD,167,32,25
SD,168,36,25
SD,168,44,25
SD,170,34,25
SD,170,38,25
SD,172,37,25
SD,176,43,25
SD,176,43,25
SD,177,41,25
SD,178,44,25
SD,186,51,25
SD,198,67,25
SD,199,64,25
SD,221,89,25
SD,229,88,25
SD,238,89,25
SD,243,108,25
SD,302,245,25
SD,308,260,25
SD,315,272,25
SD,317,275,25
SD,318,269,25
SD,327,306,25
SD,333,366,25
SD,334,308,25
SD,334,314,25
SD,352,396,25
SD,355,416,25
SD,356,393,25
SD,363,403,25
SD,407,567,25
SD,415,671,25
SD,455,914,25
SD,464,927,25
SD,475,1056,25
SD,480,1003,25
SD,491,1230,25
SD,502,1148,25
SD,502,1307,25
SD,504,1263,25
SD,511,1275,25
SD,512,1297,25
SD,522,1399,25
SD,527,1608,25
SD,530,1464,25
SD,534,1383,25
SD,536,1618,25
SD,541,1570,25
SD,552,1598,25
SD,556,1520,25
SD,558,1840,25
SD,572,1897,25
SD,600,2603,25
SD,604,2464,25
SD,616,2402,25
SD,630,2468,25
SD,632,2420,25
SD,639,2832,25
SD,650,2773,25
SD,650,2826,25
SD,658,2710,25
SD,662,2752,25
SD,679,3201,25
SD,684,2953,25
SD,684,3130,25
SD,687,3470,25
SD,704,3137,25